Residue,at_name,atom,charge
ALA,C,C,0
ALA,CA,C,0
ALA,CB,C,0
ALA,N,N,0
ALA,O,O,0
ARG,C,C,0
ARG,CA,C,0
ARG,CB,C,0
ARG,CD,C,0
ARG,CG,C,0
ARG,CZ,C,1
ARG,N,N,0
ARG,NE,N,1
ARG,NH1,N,1
ARG,NH2,N,1
ARG,O,O,0
ASN,C,C,0
ASN,CA,C,0
ASN,CB,C,0
ASN,CG,C,0
ASN,N,N,0
ASN,ND2,N,0
ASN,O,O,0
ASN,OD1,O,0
ASP,C,C,0
ASP,CA,C,0
ASP,CB,C,0
ASP,CG,C,-1
ASP,N,N,0
ASP,O,O,0
ASP,OD1,O,-1
ASP,OD2,O,-1
CYS,C,C,0
CYS,CA,C,0
CYS,CB,C,0
CYS,N,N,0
CYS,O,O,0
CYS,SG,S,0
GLN,C,C,0
GLN,CA,C,0
GLN,CB,C,0
GLN,CD,C,0
GLN,CG,C,0
GLN,N,N,0
GLN,NE2,N,0
GLN,O,O,0
GLN,OE1,O,0
GLU,C,C,0
GLU,CA,C,0
GLU,CB,C,0
GLU,CD,C,-1
GLU,CG,C,0
GLU,N,N,0
GLU,O,O,0
GLU,OE1,O,-1
GLU,OE2,O,-1
GLY,C,C,0
GLY,CA,C,0
GLY,N,N,0
GLY,O,O,0
HIS,C,C,0
HIS,CA,C,0
HIS,CB,C,0
HIS,CD2,C,1
HIS,CE1,C,1
HIS,CG,C,1
HIS,N,N,0
HIS,ND1,N,1
HIS,NE2,N,1
HIS,O,O,0
ILE,C,C,0
ILE,CA,C,0
ILE,CB,C,0
ILE,CD1,C,0
ILE,CG1,C,0
ILE,CG2,C,0
ILE,N,N,0
ILE,O,O,0
LEU,C,C,0
LEU,CA,C,0
LEU,CB,C,0
LEU,CD1,C,0
LEU,CD2,C,0
LEU,CG,C,0
LEU,N,N,0
LEU,O,O,0
LYS,C,C,0
LYS,CA,C,0
LYS,CB,C,0
LYS,CD,C,0
LYS,CE,C,0
LYS,CG,C,0
LYS,N,N,0
LYS,NZ,N,1
LYS,O,O,0
MET,C,C,0
MET,CA,C,0
MET,CB,C,0
MET,CE,C,0
MET,CG,C,0
MET,N,N,0
MET,O,O,0
MET,SD,S,0
PHE,C,C,0
PHE,CA,C,0
PHE,CB,C,0
PHE,CD1,C,0
PHE,CD2,C,0
PHE,CE1,C,0
PHE,CE2,C,0
PHE,CG,C,0
PHE,CZ,C,0
PHE,N,N,0
PHE,O,O,0
PRO,C,C,0
PRO,CA,C,0
PRO,CB,C,0
PRO,CD,C,0
PRO,CG,C,0
PRO,N,N,0
PRO,O,O,0
SER,C,C,0
SER,CA,C,0
SER,CB,C,0
SER,N,N,0
SER,O,O,0
SER,OG,O,0
THR,C,C,0
THR,CA,C,0
THR,CB,C,0
THR,CG2,C,0
THR,N,N,0
THR,O,O,0
THR,OG1,O,0
TRP,C,C,0
TRP,CA,C,0
TRP,CB,C,0
TRP,CD1,C,0
TRP,CD2,C,0
TRP,CE2,C,0
TRP,CE3,C,0
TRP,CG,C,0
TRP,CH2,C,0
TRP,CZ2,C,0
TRP,CZ3,C,0
TRP,N,N,0
TRP,NE1,N,0
TRP,O,O,0
TYR,C,C,0
TYR,CA,C,0
TYR,CB,C,0
TYR,CD1,C,0
TYR,CD2,C,0
TYR,CE1,C,0
TYR,CE2,C,0
TYR,CG,C,0
TYR,CZ,C,0
TYR,N,N,0
TYR,O,O,0
TYR,OH,O,0
VAL,C,C,0
VAL,CA,C,0
VAL,CB,C,0
VAL,CG1,C,0
VAL,CG2,C,0
VAL,N,N,0
VAL,O,O,0
